epoch,accuracy,loss,val_accuracy,val_loss
0,0.688329815864563,2.2367746829986572,0.7879973649978638,1.6601386070251465
1,0.7622641324996948,1.7607609033584595,0.8153946399688721,1.5024210214614868
