{
  "train_acc": 0.7509434223175049,
  "val_acc": 0.8245270848274231,
  "train_loss": 2.222489356994629,
  "val_loss": 1.7642340660095215
}